Date,Price,Open,High,Low,Vol.,Change %
06/01/2018,11750,11700,12000,11700,4.31M,0
06/04/2018,12550,12000,12550,12000,7.42M,0.0681
06/05/2018,12900,12700,13150,12600,8.11M,0.0279
06/06/2018,13300,12800,13450,12700,8.48M,0.031
06/07/2018,13000,13300,13350,12950,7.11M,-0.0226
06/08/2018,12900,13000,13100,12850,3.97M,-0.0077
06/11/2018,12600,12800,12900,12600,3.76M,-0.0233
06/12/2018,12800,12500,12950,12350,8.55M,0.0159
06/13/2018,12800,12800,12950,12700,1.81M,0
06/14/2018,12550,12750,12800,12500,2.46M,-0.0195
06/15/2018,12400,12400,12600,12350,5.46M,-0.012
06/18/2018,12000,12400,12550,11850,3.99M,-0.0323
06/19/2018,11700,11950,11950,11300,8.28M,-0.025
06/20/2018,12000,11750,12000,11600,3.29M,0.0256
06/21/2018,11700,11900,12000,11650,2.49M,-0.025
06/22/2018,12000,11600,12050,11600,3.19M,0.0256
06/25/2018,12150,12350,12350,12050,2.83M,0.0125
06/26/2018,12000,11900,12050,11850,2.55M,-0.0123
06/27/2018,11800,12000,12200,11800,1.75M,-0.0167
06/28/2018,11550,11800,11850,11400,3.66M,-0.0212
06/29/2018,11550,11600,11700,11500,1.89M,0
07/02/2018,11100,11550,11550,11100,3.79M,-0.039
07/03/2018,10350,11200,11250,10350,6.65M,-0.0676
07/04/2018,10300,10500,10650,10250,6.77M,-0.0048
07/05/2018,9720,10250,10350,9670,5.66M,-0.0563
07/06/2018,10400,9800,10400,9700,8.47M,0.07
07/09/2018,10400,10550,10750,10400,4.72M,0
07/10/2018,10400,10400,10600,10400,2.37M,0
07/11/2018,10000,10200,10300,9850,4.82M,-0.0385
07/12/2018,10150,10000,10450,10000,3.16M,0.015
07/13/2018,10450,10350,10500,10300,2.84M,0.0296
07/16/2018,10500,10550,10700,10450,3.02M,0.0048
07/17/2018,10750,10450,10800,10450,4.09M,0.0238
07/18/2018,11200,10850,11200,10800,5.79M,0.0419
07/19/2018,11000,11200,11200,10900,3.34M,-0.0179
07/20/2018,11000,10950,11100,10800,4.08M,0
07/23/2018,11750,11300,11750,11250,14.24M,0.0682
07/24/2018,11400,11600,11800,11400,5.42M,-0.0298
07/25/2018,11200,11400,11550,11200,3.15M,-0.0175
07/26/2018,11250,11200,11350,11050,4.44M,0.0045
07/27/2018,11200,11300,11400,11200,2.79M,-0.0044
07/30/2018,11500,11300,11550,11250,5.19M,0.0268
07/31/2018,11450,11500,11700,11350,4.23M,-0.0043
08/01/2018,11300,11450,11550,11300,2.52M,-0.0131
08/02/2018,11050,11250,11300,10950,7.58M,-0.0221
08/03/2018,11050,11250,11300,11050,2.41M,0
08/06/2018,11150,11050,11350,11000,3.13M,0.009
08/07/2018,11150,11200,11250,11050,2.23M,0
08/08/2018,11350,11200,11350,11100,3.48M,0.0179
08/09/2018,11300,11400,11650,11200,8.04M,-0.0044
08/10/2018,11250,11250,11350,11200,3.20M,-0.0044
08/13/2018,11800,11250,11800,11200,10.74M,0.0489
08/14/2018,11600,11800,11850,11600,3.49M,-0.0169
08/15/2018,11400,11700,11750,11350,5.35M,-0.0172
08/16/2018,11400,11300,11400,11150,5.99M,0
08/17/2018,11200,11550,11600,11200,3.02M,-0.0175
08/20/2018,11150,11200,11300,11150,4.79M,-0.0045
08/21/2018,11200,11150,11300,11150,5.56M,0.0045
08/22/2018,11450,11500,11600,11400,6.52M,0.0223
08/23/2018,11400,11450,11500,11350,3.56M,-0.0044
08/24/2018,11300,11350,11450,11250,3.59M,-0.0088
08/27/2018,11400,11400,11550,11350,4.28M,0.0088
08/28/2018,11500,11500,11550,11400,3.74M,0.0088
08/29/2018,11400,11500,11550,11350,2.62M,-0.0087
08/30/2018,11500,11450,11550,11300,5.94M,0.0088
08/31/2018,11350,11550,11550,11350,6.90M,-0.013
09/04/2018,11250,11350,11400,11200,4.33M,-0.0088
09/05/2018,11100,11250,11250,11050,4.08M,-0.0133
09/06/2018,11050,11150,11200,11000,3.47M,-0.0045
09/07/2018,11300,11300,11500,11250,4.70M,0.0226
09/10/2018,11750,11350,11800,11350,18.10M,0.0398
09/11/2018,11800,11750,11850,11600,6.15M,0.0043
09/12/2018,12100,12000,12300,11900,13.22M,0.0254
09/13/2018,12050,12200,12200,12050,7.45M,-0.0041
09/14/2018,12000,12100,12200,11950,5.25M,-0.0041
09/17/2018,11850,12000,12050,11850,7.06M,-0.0125
09/18/2018,12400,11800,12400,11650,9.70M,0.0464
09/19/2018,12550,12450,12750,12350,11.80M,0.0121
09/20/2018,12650,12550,12650,12500,4.63M,0.008
09/21/2018,12700,12650,12900,12600,14.01M,0.004
09/24/2018,12550,12800,12850,12500,7.25M,-0.0118
09/25/2018,12650,12550,12800,12500,4.62M,0.008
09/26/2018,12700,12600,12900,12600,6.32M,0.004
09/27/2018,12650,12750,12850,12600,4.74M,-0.0039
09/28/2018,13500,12700,13500,12650,27.26M,0.0672
10/01/2018,13850,13800,14400,13700,22.13M,0.0259
10/02/2018,13900,13900,14050,13700,9.28M,0.0036
10/03/2018,13850,13800,14050,13800,16.35M,-0.0036
10/04/2018,13850,13900,13950,13800,8.96M,0
10/05/2018,13800,13800,14300,13750,19.48M,-0.0036
10/08/2018,13850,13650,13950,13600,17.69M,0.0036
10/09/2018,13550,13950,13950,13400,19.46M,-0.0217
10/10/2018,13400,13500,13600,13300,9.02M,-0.0111
10/11/2018,12500,12950,13100,12500,24.73M,-0.0672
10/12/2018,13050,12400,13100,12300,14.99M,0.044
10/15/2018,12950,13000,13200,12900,7.83M,-0.0077
10/16/2018,13600,13000,13600,13000,9.79M,0.0502
10/17/2018,13550,13900,13900,13450,8.92M,-0.0037
10/18/2018,13500,13350,13850,13350,14.18M,-0.0037
10/19/2018,13450,13300,13600,13250,8.31M,-0.0037
10/22/2018,12950,13350,13500,12950,8.69M,-0.0372
10/23/2018,12550,12800,12950,12350,9.77M,-0.0309
10/24/2018,12600,12600,12850,12550,6.59M,0.004
10/25/2018,12550,11950,12650,11950,6.17M,-0.004
10/26/2018,12300,12750,12750,12300,5.79M,-0.0199
10/29/2018,12000,12300,12350,11950,5.71M,-0.0244
10/30/2018,11950,11950,12300,11900,5.09M,-0.0042
10/31/2018,12500,12200,12500,12150,5.14M,0.046
11/01/2018,12200,12550,12600,12200,3.09M,-0.024
11/02/2018,12400,12350,12550,12200,6.06M,0.0164
11/05/2018,12350,12300,12400,12200,3.02M,-0.004
11/06/2018,12250,12400,12500,12250,3.48M,-0.0081
11/07/2018,12700,12250,12800,12150,11.33M,0.0367
11/08/2018,12600,12950,12950,12600,3.12M,-0.0079
11/09/2018,12350,12550,12650,12350,3.51M,-0.0198
11/12/2018,12200,12200,12350,12050,4.62M,-0.0121
11/13/2018,12000,12000,12200,11950,5.03M,-0.0164
11/14/2018,11950,12000,12200,11950,3.23M,-0.0042
11/15/2018,12000,12000,12050,11850,3.88M,0.0042
11/16/2018,12100,12100,12250,12000,3.93M,0.0083
11/19/2018,12300,12250,12350,12100,3.05M,0.0165
11/20/2018,12200,12250,12300,12150,2.69M,-0.0081
11/21/2018,12250,12050,12250,12050,2.55M,0.0041
11/22/2018,12400,12300,12450,12250,4.90M,0.0122
11/23/2018,12250,12300,12400,12250,2.13M,-0.0121
11/26/2018,12300,12250,12300,12150,1.56M,0.0041
11/27/2018,12150,12300,12400,12150,2.87M,-0.0122
11/28/2018,12250,12100,12250,12100,1.97M,0.0082
11/29/2018,12150,12300,12350,12150,3.19M,-0.0082
11/30/2018,12150,12150,12250,12100,2.72M,0
12/03/2018,12800,12400,12800,12300,10.67M,0.0535
12/04/2018,12800,12800,12900,12650,5.84M,0
12/05/2018,12700,12550,12850,12550,6.62M,-0.0078
12/06/2018,12600,12650,12750,12550,4.74M,-0.0079
12/07/2018,12650,12650,12850,12600,5.04M,0.004
12/10/2018,12500,12600,12600,12450,4.48M,-0.0119
12/11/2018,12500,12550,12600,12450,2.97M,0
12/12/2018,12700,12500,12750,12500,2.71M,0.016
12/13/2018,12900,12800,13100,12750,8.93M,0.0157
12/14/2018,12800,12900,13000,12700,3.74M,-0.0078
12/17/2018,12500,12650,12700,12500,3.97M,-0.0234
12/18/2018,12400,12300,12450,12200,5.28M,-0.008
12/19/2018,12450,12450,12450,12200,3.15M,0.004
12/20/2018,12250,12300,12400,12200,3.41M,-0.0161
12/21/2018,12100,12150,12300,12100,3.67M,-0.0122
12/24/2018,12150,12300,12450,12150,3.32M,0.0041
12/25/2018,11950,12000,12100,11700,6.73M,-0.0165
12/26/2018,11950,12000,12150,11950,2.47M,0
12/27/2018,12000,12200,12250,12000,2.09M,0.0042
12/28/2018,11950,12000,12150,11950,2.11M,-0.0042
01/02/2019,11600,12000,12050,11600,3.86M,-0.0293
01/03/2019,11100,11500,11650,11100,6.28M,-0.0431
01/04/2019,11150,11000,11350,10900,3.83M,0.0045
01/07/2019,11500,11400,11600,11350,3.70M,0.0314
01/08/2019,11350,11500,11500,11300,1.57M,-0.013
01/09/2019,11400,11400,11550,11400,2.63M,0.0044
01/10/2019,11400,11500,11500,11350,2.07M,0
01/11/2019,11400,11450,11500,11300,2.17M,0
01/14/2019,11200,11400,11450,11200,1.93M,-0.0175
01/15/2019,11300,11250,11350,11200,2.16M,0.0089
01/16/2019,11300,11400,11450,11300,2.68M,0
01/17/2019,11200,11200,11400,11150,1.74M,-0.0088
01/18/2019,11250,11250,11300,11050,2.62M,0.0045
01/21/2019,11700,11350,11850,11250,6.69M,0.04
01/22/2019,11750,11850,11850,11700,4.05M,0.0043
01/23/2019,12150,11750,12250,11700,7.82M,0.034
01/24/2019,12200,12100,12200,12000,3.75M,0.0041
01/25/2019,12300,12200,12400,12150,6.42M,0.0082
01/28/2019,12250,12350,12350,12100,2.70M,-0.0041
01/29/2019,12150,12200,12200,12050,2.87M,-0.0082
01/30/2019,12000,12150,12200,12000,2.49M,-0.0123
01/31/2019,12300,12100,12400,12000,5.06M,0.025
02/01/2019,12400,12300,12400,12200,3.35M,0.0081
02/11/2019,12950,12500,12950,12450,6.86M,0.0444
02/12/2019,13000,12850,13100,12800,6.46M,0.0039
02/13/2019,13000,13000,13100,12950,6.89M,0
02/14/2019,12950,12900,13050,12900,4.82M,-0.0038
02/15/2019,13000,12900,13050,12750,4.51M,0.0039
02/18/2019,13100,13050,13200,12950,3.71M,0.0077
02/19/2019,12800,13150,13150,12800,5.25M,-0.0229
02/20/2019,12900,12850,13050,12700,5.45M,0.0078
02/21/2019,13000,12950,13000,12800,4.12M,0.0078
02/22/2019,13050,12800,13150,12800,5.73M,0.0038
02/25/2019,12900,13100,13150,12900,6.90M,-0.0115
02/26/2019,12800,12900,12950,12700,3.76M,-0.0078
02/27/2019,12700,12800,12900,12700,2.41M,-0.0078
02/28/2019,12300,12750,12850,12300,8.44M,-0.0315
03/01/2019,12650,12500,12650,12450,2.60M,0.0285
03/04/2019,12750,12750,12800,12650,3.06M,0.0079
03/05/2019,12700,12750,12900,12650,4.73M,-0.0039
03/06/2019,12650,12700,12750,12600,2.02M,-0.0039
03/07/2019,12800,12650,12900,12650,3.50M,0.0119
03/08/2019,12600,12700,12750,12550,2.90M,-0.0156
03/11/2019,12550,12600,12650,12450,2.11M,-0.004
03/12/2019,12700,12600,12700,12500,3.78M,0.012
03/13/2019,12800,12750,12950,12750,6.15M,0.0079
03/14/2019,13000,12850,13150,12750,8.48M,0.0156
03/15/2019,12950,13000,13050,12850,4.40M,-0.0038
03/18/2019,12850,12950,13050,12850,3.31M,-0.0077
03/19/2019,12700,12800,12900,12700,4.34M,-0.0117
03/20/2019,12800,12650,12850,12650,4.22M,0.0079
03/21/2019,12500,12850,12900,12500,4.74M,-0.0234
03/22/2019,12550,12600,12650,12450,3.00M,0.004
03/25/2019,12250,12300,12450,12150,3.93M,-0.0239
03/26/2019,12300,12300,12450,12300,1.68M,0.0041
03/27/2019,12350,12350,12400,12300,1.24M,0.0041
03/28/2019,12150,12300,12300,12150,4.03M,-0.0162
03/29/2019,12200,12200,12350,12150,3.43M,0.0041
04/01/2019,12400,12200,12400,12200,1.69M,0.0164
04/02/2019,12200,12450,12500,12200,1.83M,-0.0161
04/03/2019,12250,12200,12300,12150,1.43M,0.0041
04/04/2019,12300,12300,12300,12200,1.09M,0.0041
04/05/2019,12250,12300,12300,12200,1.14M,-0.0041
04/08/2019,12250,12250,12300,12150,1.88M,0
04/09/2019,12250,12300,12350,12200,2.72M,0
04/10/2019,12100,12200,12250,12050,1.97M,-0.0122
04/11/2019,12050,12200,12200,12050,788.76K,-0.0041
04/12/2019,12100,12050,12150,12050,1.54M,0.0041
04/16/2019,12050,12000,12150,11850,3.05M,-0.0041
04/17/2019,11900,12150,12200,11900,1.71M,-0.0124
04/18/2019,11750,12000,12000,11750,2.44M,-0.0126
04/19/2019,11750,11800,11900,11750,1.65M,0
04/22/2019,11550,11800,11800,11550,2.43M,-0.017
04/23/2019,12050,11600,12200,11550,4.44M,0.0433
04/24/2019,12050,12150,12200,12050,2.01M,0
04/25/2019,11850,12050,12050,11800,2.90M,-0.0166
04/26/2019,11950,11850,12000,11850,1.50M,0.0084
05/02/2019,11900,12100,12100,11850,2.10M,-0.0042
05/03/2019,12350,11900,12400,11900,8.68M,0.0378
05/06/2019,12050,12200,12200,12050,2.76M,-0.0243
05/07/2019,12100,12150,12200,12050,3.87M,0.0041
05/08/2019,12150,11950,12250,11950,4.25M,0.0041
05/09/2019,11900,12150,12200,11850,6.64M,-0.0206
05/10/2019,12000,12000,12050,11900,1.97M,0.0084
05/13/2019,11950,11950,12050,11850,1.96M,-0.0042
05/14/2019,11900,11850,11950,11800,2.99M,-0.0042
05/15/2019,12050,12000,12150,11950,3.04M,0.0126
05/16/2019,12000,12150,12150,11950,1.84M,-0.0041
05/17/2019,11950,11950,12050,11950,1.82M,-0.0042
05/20/2019,11950,12000,12050,11900,2.87M,0
05/21/2019,12050,12000,12200,11950,5.45M,0.0084
05/22/2019,12050,12150,12200,12000,4.45M,0
05/23/2019,12000,12050,12150,11950,1.87M,-0.0041
05/24/2019,11800,11900,11950,11750,6.04M,-0.0167
05/27/2019,11800,11800,11900,11750,1.26M,0
05/28/2019,11800,11850,11950,11750,2.31M,0
05/29/2019,11750,11850,11850,11750,1.77M,-0.0042
05/30/2019,11800,11750,11900,11700,2.10M,0.0043
05/31/2019,11750,11750,11900,11700,1.93M,-0.0042
06/03/2019,11600,11700,11750,11500,3.85M,-0.0128
06/04/2019,11600,11650,11700,11550,2.44M,0
06/05/2019,11650,11700,11800,11650,2.40M,0.0043
06/06/2019,11550,11650,11700,11550,1.90M,-0.0086
06/07/2019,11750,11600,11750,11600,1.43M,0.0173
06/10/2019,11800,11750,11850,11750,3.03M,0.0043
06/11/2019,11700,11850,11850,11700,1.20M,-0.0085
06/12/2019,11650,11700,11800,11650,556.04K,-0.0043
06/13/2019,11600,11650,11700,11600,1.31M,-0.0043
06/14/2019,11650,11650,11750,11600,1.14M,0.0043
06/17/2019,11450,11650,11700,11450,2.87M,-0.0172
06/18/2019,11200,11450,11500,11200,3.53M,-0.0218
06/19/2019,11300,11350,11400,11250,1.28M,0.0089
06/20/2019,11500,11300,11550,11300,2.74M,0.0177
06/21/2019,11450,11600,11600,11400,15.02M,-0.0043
06/24/2019,11700,11500,11700,11500,3.16M,0.0218
06/25/2019,11650,11700,11800,11600,2.50M,-0.0043
06/26/2019,11500,11600,11650,11500,2.82M,-0.0129
06/27/2019,11300,11550,11550,11300,3.91M,-0.0174
06/28/2019,11350,11350,11400,11250,3.06M,0.0044
07/01/2019,11550,11450,11600,11450,4.23M,0.0176
07/02/2019,11450,11550,11550,11400,2.53M,-0.0087
07/03/2019,11350,11500,11500,11350,2.34M,-0.0087
07/04/2019,11450,11400,11550,11350,2.41M,0.0088
07/05/2019,11400,11450,11500,11400,2.28M,-0.0044
07/08/2019,11400,11450,11500,11300,2.47M,0
07/09/2019,11350,11400,11450,11300,1.63M,-0.0044
07/10/2019,11450,11400,11550,11350,3.21M,0.0088
07/11/2019,11500,11550,11550,11400,2.60M,0.0044
07/12/2019,11400,11500,11550,11400,2.60M,-0.0087
07/15/2019,11350,11500,11500,11300,3.39M,-0.0044
07/16/2019,11400,11400,11500,11300,3.24M,0.0044
07/17/2019,11550,11450,11650,11400,7.84M,0.0132
07/18/2019,11550,11550,11650,11500,3.65M,0
07/19/2019,11700,11550,11750,11550,4.76M,0.013
07/22/2019,11500,11650,11750,11500,2.83M,-0.0171
07/23/2019,11500,11550,11600,11500,1.90M,0
07/24/2019,11350,11500,11550,11350,4.40M,-0.013
07/25/2019,11200,11350,11350,11200,5.86M,-0.0132
07/26/2019,11150,11200,11300,11150,2.70M,-0.0045
07/29/2019,10950,11200,11200,10900,6.83M,-0.0179
07/30/2019,10850,10950,11050,10850,2.01M,-0.0091
07/31/2019,10700,10900,10900,10600,3.28M,-0.0138
08/01/2019,10500,10700,10750,10500,5.01M,-0.0187
08/02/2019,10600,10400,10800,10350,3.08M,0.0095
08/05/2019,10450,10550,10600,10400,2.08M,-0.0142
08/06/2019,10450,10350,10500,10200,3.12M,0
08/07/2019,10400,10450,10600,10400,1.98M,-0.0048
08/08/2019,10450,10400,10450,10350,1.51M,0.0048
08/09/2019,10350,10450,10500,10350,2.44M,-0.0096
08/12/2019,10350,10400,10450,10300,1.45M,0
08/13/2019,10200,10300,10350,10150,4.10M,-0.0145
08/14/2019,10150,10350,10350,10150,3.67M,-0.0049
08/15/2019,10350,10050,10350,10000,3.23M,0.0197
08/16/2019,10300,10300,10450,10150,1.93M,-0.0048
08/19/2019,10250,10350,10400,10200,1.30M,-0.0049
08/20/2019,10300,10300,10300,10200,1.24M,0.0049
08/21/2019,10250,10300,10300,10200,2.44M,-0.0049
08/22/2019,10300,10250,10400,10250,2.73M,0.0049
08/23/2019,10700,10400,10750,10300,6.01M,0.0388
08/26/2019,10550,10500,10650,10450,3.64M,-0.014
08/27/2019,10450,10550,10650,10450,3.93M,-0.0095
08/28/2019,10350,10500,10500,10350,2.13M,-0.0096
08/29/2019,10350,10400,10450,10300,1.73M,0
08/30/2019,10400,10350,10400,10300,1.45M,0.0048
09/03/2019,10200,10400,10400,10200,3.24M,-0.0192
09/04/2019,10150,10200,10250,10050,2.86M,-0.0049
09/05/2019,10150,10150,10300,10100,2.86M,0
09/06/2019,10150,10200,10200,10100,1.28M,0
09/09/2019,10100,10250,10250,10100,1.40M,-0.0049
09/10/2019,10050,10150,10150,10000,5.13M,-0.005
09/11/2019,10050,10000,10100,10000,1.46M,0
09/12/2019,10150,10100,10150,10050,2.18M,0.01
09/13/2019,10350,10150,10350,10100,4.21M,0.0197
09/16/2019,10350,10350,10400,10250,2.48M,0
09/17/2019,10200,10250,10350,10150,3.52M,-0.0145
09/18/2019,10200,10200,10300,10150,3.45M,0
09/19/2019,10550,10200,10550,10150,8.11M,0.0343
09/20/2019,10350,10600,10600,10350,3.59M,-0.019
09/23/2019,10550,10350,10750,10350,10.25M,0.0193
09/24/2019,10500,10550,10650,10500,2.86M,-0.0047
09/25/2019,10600,10450,10650,10450,2.61M,0.0095
09/26/2019,10700,10600,10700,10550,3.31M,0.0094
09/27/2019,10650,10700,10750,10600,4.21M,-0.0047
09/30/2019,10550,10700,10750,10550,3.90M,-0.0094
10/01/2019,10500,10550,10600,10450,3.59M,-0.0047
10/02/2019,10400,10500,10600,10400,3.18M,-0.0095
10/03/2019,10500,10350,10500,10300,2.36M,0.0096
10/04/2019,10400,10500,10600,10400,1.58M,-0.0095
10/07/2019,10500,10450,10600,10400,2.97M,0.0096
10/08/2019,11000,10600,11000,10550,11.68M,0.0476
10/09/2019,10900,11000,11100,10850,5.65M,-0.0091
10/10/2019,10800,10900,10950,10800,3.37M,-0.0092
10/11/2019,11000,10800,11250,10800,8.08M,0.0185
10/14/2019,11100,11100,11300,11100,6.86M,0.0091
10/15/2019,11050,11100,11200,11000,2.78M,-0.0045
10/16/2019,11050,11100,11200,11000,2.39M,0
10/17/2019,10900,11050,11050,10900,3.90M,-0.0136
10/18/2019,10800,10950,11050,10800,3.24M,-0.0092
10/21/2019,10950,10850,10950,10700,2.98M,0.0139
10/22/2019,11000,10900,11100,10900,3.81M,0.0046
10/23/2019,11000,11000,11100,10950,1.86M,0
10/24/2019,10950,11000,11050,10900,2.08M,-0.0045
10/25/2019,10900,10950,11000,10850,1.94M,-0.0046
10/28/2019,10850,11000,11000,10750,5.44M,-0.0046
10/29/2019,10650,10800,10900,10650,4.55M,-0.0184
10/30/2019,10700,10700,10800,10650,2.78M,0.0047
10/31/2019,10800,10800,10850,10650,3.13M,0.0093
11/01/2019,10900,10800,10950,10700,3.15M,0.0093
11/04/2019,10900,10900,11100,10850,6.50M,0
11/05/2019,10950,10950,10950,10850,4.41M,0.0046
11/06/2019,11000,10950,11050,10900,4.06M,0.0046
11/07/2019,10900,11000,11000,10850,3.85M,-0.0091
11/08/2019,10850,10900,11000,10850,2.86M,-0.0046
11/11/2019,10800,10850,10900,10750,3.09M,-0.0046
11/12/2019,10750,10850,10850,10750,1.45M,-0.0046
11/13/2019,10800,10800,10900,10750,2.25M,0.0047
11/14/2019,10700,10800,10850,10650,2.04M,-0.0093
11/15/2019,10700,10800,10800,10650,1.61M,0
11/18/2019,10600,10750,10800,10600,2.21M,-0.0093
11/19/2019,10600,10550,10650,10550,2.33M,0
11/20/2019,10400,10600,10600,10350,4.83M,-0.0189
11/21/2019,10200,10350,10450,10200,4.30M,-0.0192
11/22/2019,10250,10300,10400,10100,3.60M,0.0049
11/25/2019,10150,10300,10300,10100,2.01M,-0.0098
11/26/2019,10150,10200,10250,10100,3.96M,0
11/27/2019,10100,10200,10250,10100,2.20M,-0.0049
11/28/2019,10100,10100,10200,10050,2.40M,0
11/29/2019,10100,10150,10200,10050,2.16M,0
12/02/2019,10000,10100,10150,10000,3.13M,-0.0099
12/03/2019,9750,10000,10050,9750,3.60M,-0.025
12/04/2019,10100,9800,10100,9800,2.85M,0.0359
12/05/2019,10050,10100,10150,9990,958.22K,-0.005
12/06/2019,10000,10000,10100,9990,1.58M,-0.005
12/09/2019,9950,10000,10050,9920,1.89M,-0.005
12/10/2019,10050,9900,10050,9900,2.04M,0.0101
12/11/2019,10050,10050,10100,9950,1.05M,0
12/12/2019,10100,10050,10100,10000,1.65M,0.005
12/13/2019,10050,10150,10200,10050,1.36M,-0.005
12/16/2019,10050,10050,10100,10000,1.60M,0
12/17/2019,10050,10100,10100,9990,2.12M,0
12/18/2019,9940,10000,10050,9900,2.11M,-0.0109
12/19/2019,9930,10050,10050,9900,2.70M,-0.001
12/20/2019,10000,9980,10050,9950,1.54M,0.007
12/23/2019,10200,10100,10300,10100,3.41M,0.02
12/24/2019,10100,10200,10250,10100,1.56M,-0.0098
12/25/2019,10100,10200,10250,10100,1.26M,0
12/26/2019,10100,10100,10150,10000,2.34M,0
12/27/2019,10150,10100,10200,10000,2.01M,0.005
12/30/2019,10100,10100,10250,10100,1.96M,-0.0049
12/31/2019,10050,10100,10200,10050,1.83M,-0.005
01/02/2020,10200,10100,10300,10000,2.91M,0.0149
01/03/2020,10200,10250,10300,10150,1.98M,0
01/06/2020,10050,10100,10150,10000,2.30M,-0.0147
01/07/2020,10150,10050,10150,10000,2.15M,0.01
01/08/2020,9980,10050,10100,9970,4.49M,-0.0167
01/09/2020,10150,10100,10200,10050,2.44M,0.017
01/10/2020,10500,10150,10500,10150,10.75M,0.0345
01/13/2020,10400,10500,10550,10300,3.39M,-0.0095
01/14/2020,10300,10400,10450,10300,1.81M,-0.0096
01/15/2020,10250,10300,10350,10200,2.48M,-0.0049
01/16/2020,10400,10300,10550,10300,9.56M,0.0146
01/17/2020,10600,10450,10700,10400,6.09M,0.0192
01/20/2020,10700,10500,10750,10500,4.14M,0.0094
01/21/2020,10900,10700,11050,10700,7.60M,0.0187
01/22/2020,10900,10900,10950,10750,7.03M,0
01/30/2020,10350,10800,10800,10200,8.26M,-0.0505
01/31/2020,10200,10300,10500,10200,6.26M,-0.0145
02/03/2020,10250,10000,10400,9820,7.11M,0.0049
02/04/2020,10200,10250,10400,10100,5.43M,-0.0049
02/05/2020,10250,10350,10450,10250,3.97M,0.0049
02/06/2020,10950,10300,10950,10300,22.70M,0.0683
02/07/2020,11150,11000,11450,10950,14.96M,0.0183
02/10/2020,10950,10900,11100,10800,5.34M,-0.0179
02/11/2020,11350,10950,11450,10900,14.65M,0.0365
02/12/2020,11550,11400,11800,11400,14.68M,0.0176
02/13/2020,11500,11500,11600,11300,7.81M,-0.0043
02/14/2020,11600,11550,11900,11450,17.83M,0.0087
02/17/2020,11650,11650,11850,11500,8.91M,0.0043
02/18/2020,11550,11650,11750,11350,8.50M,-0.0086
02/19/2020,11400,11400,11550,11300,6.82M,-0.013
02/20/2020,11300,11500,11550,11200,7.14M,-0.0088
02/21/2020,11300,11250,11500,11200,7.65M,0
02/24/2020,10850,11000,11100,10750,11.77M,-0.0398
02/25/2020,11150,10700,11150,10700,5.67M,0.0276
02/26/2020,11200,11000,11400,10950,8.38M,0.0045
02/27/2020,11650,11300,11700,11150,13.07M,0.0402
02/28/2020,11600,11350,11750,11350,11.94M,-0.0043
03/02/2020,12350,11800,12400,11750,27.55M,0.0647
03/03/2020,12250,12600,12700,12150,15.55M,-0.0081
03/04/2020,12500,12200,12600,12100,12.16M,0.0204
03/05/2020,12200,12650,12700,12200,17.52M,-0.024
03/06/2020,12250,12100,12400,12100,12.06M,0.0041
03/09/2020,11400,11500,11700,11400,17.02M,-0.0694
03/10/2020,11400,11000,11500,10850,15.32M,0
03/11/2020,10650,11450,11500,10650,18.79M,-0.0658
03/12/2020,9950,10000,10250,9930,21.36M,-0.0657
03/13/2020,10400,9300,10550,9280,16.34M,0.0452
03/16/2020,9990,10400,10500,9800,9.16M,-0.0394
03/17/2020,10200,9900,10200,9560,8.61M,0.021
03/18/2020,10000,10400,10400,10000,8.31M,-0.0196
03/19/2020,9750,9900,9960,9600,7.52M,-0.025
03/20/2020,9800,9810,9920,9740,4.89M,0.0051
03/23/2020,9120,9300,9500,9120,10.63M,-0.0694
03/24/2020,8800,9120,9170,8800,7.82M,-0.0351
03/25/2020,9110,9150,9260,8900,9.89M,0.0352
03/26/2020,8700,9110,9110,8700,7.22M,-0.045
03/27/2020,8210,8750,8750,8210,11.65M,-0.0563
03/30/2020,7640,7700,7990,7640,16.13M,-0.0694
03/31/2020,7300,7860,7860,7120,12.19M,-0.0445
04/01/2020,7810,7200,7810,7200,8.81M,0.0699
04/03/2020,8350,7990,8350,7900,10.67M,0.0691
04/06/2020,8930,8900,8930,8610,12.90M,0.0695
04/07/2020,9180,9400,9400,9010,17.28M,0.028
04/08/2020,9280,9000,9290,8800,8.76M,0.0109
04/09/2020,9190,9400,9490,9180,9.82M,-0.0097
04/10/2020,9010,9150,9230,8950,10.71M,-0.0196
04/13/2020,9040,9010,9240,9010,7.68M,0.0033
04/14/2020,9160,9100,9160,8940,8.53M,0.0133
04/15/2020,9700,9200,9800,9180,14.86M,0.059
04/16/2020,9720,9500,9950,9500,7.63M,0.0021
04/17/2020,9730,9900,9940,9720,8.38M,0.001
04/20/2020,9550,9700,9850,9540,11.28M,-0.0185
04/21/2020,8990,9350,9450,8970,16.19M,-0.0586
04/22/2020,9170,8730,9290,8730,8.17M,0.02
04/23/2020,9150,9350,9380,9150,5.41M,-0.0022
04/24/2020,9100,9150,9200,9040,4.79M,-0.0055
04/27/2020,8990,9180,9230,8990,8.06M,-0.0121
04/28/2020,8980,9080,9120,8940,7.08M,-0.0011
04/29/2020,9100,9000,9250,9000,3.84M,0.0134
05/04/2020,8980,9100,9100,8980,4.40M,-0.0132
05/05/2020,8970,8980,9090,8930,4.80M,-0.0011
05/06/2020,9140,9000,9140,8930,8.42M,0.019
05/07/2020,9340,9180,9380,9170,12.18M,0.0219
05/08/2020,9520,9400,9770,9400,15.59M,0.0193
05/11/2020,9690,9670,9750,9540,10.60M,0.0179
05/12/2020,9700,9690,9750,9460,11.31M,0.001
05/13/2020,9960,9700,10150,9550,19.00M,0.0268
05/14/2020,10050,9880,10300,9790,12.58M,0.009
05/15/2020,9800,10200,10200,9800,9.21M,-0.0249
05/18/2020,9730,9780,9850,9680,9.97M,-0.0071
05/19/2020,9900,9920,10150,9860,15.44M,0.0175
05/20/2020,10400,9900,10550,9860,24.36M,0.0505
05/21/2020,10500,10500,10550,10250,10.20M,0.0096
05/22/2020,10200,10300,10600,10200,14.87M,-0.0286
05/25/2020,10250,10250,10400,10100,9.45M,0.0049
05/26/2020,10400,10300,10450,10300,9.40M,0.0146
05/27/2020,10100,10450,10550,10000,15.37M,-0.0288
05/28/2020,10300,10100,10600,10050,16.77M,0.0198
05/29/2020,10300,10200,10450,10200,6.86M,0
06/01/2020,10750,10400,10750,10350,18.02M,0.0437
06/02/2020,10500,10850,10900,10500,13.90M,-0.0233
06/03/2020,10650,10600,10700,10500,8.71M,0.0143
06/04/2020,10600,10750,10900,10600,13.97M,-0.0047
06/05/2020,10550,10700,10750,10450,16.80M,-0.0047
06/08/2020,10700,10700,10850,10650,17.09M,0.0142
06/09/2020,10750,10750,10900,10650,14.17M,0.0047
06/10/2020,11500,10750,11500,10600,30.78M,0.0698
06/11/2020,11050,12150,12300,11050,38.09M,-0.0391
06/12/2020,11800,11200,11800,11000,31.67M,0.0679
06/15/2020,12050,12100,12600,11750,31.27M,0.0212
06/16/2020,11900,12500,12500,11900,18.76M,-0.0124
06/17/2020,11600,11850,11950,11550,15.66M,-0.0252
06/18/2020,11400,11400,11750,11350,13.24M,-0.0172
06/19/2020,11900,11550,11950,11400,15.35M,0.0439
06/22/2020,11700,12000,12000,11650,10.79M,-0.0168
06/23/2020,11550,11650,11800,11400,12.61M,-0.0128
06/24/2020,11200,11600,11650,11200,11.84M,-0.0303
06/25/2020,11450,11150,11500,10950,10.66M,0.0223
06/26/2020,11300,11600,11650,11200,6.48M,-0.0131
06/29/2020,10950,11300,11300,10900,13.16M,-0.031
06/30/2020,10750,11100,11200,10600,10.86M,-0.0183
07/01/2020,11200,10800,11350,10750,9.14M,0.0419
07/02/2020,11050,11200,11300,11000,4.90M,-0.0134
07/03/2020,11000,11150,11200,11000,3.89M,-0.0045
07/06/2020,11550,11050,11600,11050,16.29M,0.05
07/07/2020,11450,11600,11700,11400,8.91M,-0.0087
07/08/2020,11500,11400,11700,11350,9.19M,0.0044
07/09/2020,11800,11700,11850,11500,14.05M,0.0261
07/10/2020,11550,11700,11800,11500,8.38M,-0.0212
07/13/2020,11450,11650,11700,11450,6.10M,-0.0087
07/14/2020,11550,11400,11650,11350,6.75M,0.0087
07/15/2020,11550,11650,11700,11550,5.54M,0
07/16/2020,11600,11550,11600,11450,5.10M,0.0043
07/17/2020,11600,11600,11750,11500,9.20M,0
07/20/2020,11450,11650,11700,11450,8.09M,-0.0129
07/21/2020,11500,11450,11600,11400,7.05M,0.0044
07/22/2020,11300,11550,11600,11250,8.50M,-0.0174
07/23/2020,11250,11350,11400,11100,8.26M,-0.0044
07/24/2020,10900,11150,11250,10600,20.16M,-0.0311
07/27/2020,10150,10400,10650,10150,26.01M,-0.0688
07/28/2020,10550,10200,10600,10100,13.93M,0.0394
07/29/2020,10150,10250,10350,9950,14.83M,-0.0379
07/30/2020,10200,10200,10350,10150,6.31M,0.0049
07/31/2020,10100,9900,10250,9900,5.74M,-0.0098
08/03/2020,10350,10150,10450,10050,9.79M,0.0248
08/04/2020,10500,10500,10500,10350,6.79M,0.0145
08/05/2020,10650,10500,10700,10400,8.29M,0.0143
08/06/2020,10500,10600,10700,10500,5.68M,-0.0141
08/07/2020,10450,10550,10550,10400,7.12M,-0.0048
08/10/2020,10600,10550,10800,10550,11.95M,0.0144
08/11/2020,10650,10700,10750,10500,7.72M,0.0047
08/12/2020,10750,10650,10800,10600,8.77M,0.0094
08/13/2020,10850,10750,10900,10750,6.50M,0.0093
08/14/2020,10700,10850,10850,10650,8.81M,-0.0138
08/17/2020,10650,10700,10750,10550,5.19M,-0.0047
08/18/2020,10750,10650,10800,10600,5.21M,0.0094
08/19/2020,10800,10800,10800,10700,4.21M,0.0047
08/20/2020,10650,10750,10850,10650,6.06M,-0.0139
08/21/2020,11050,10700,11050,10650,12.93M,0.0376
08/24/2020,11300,11100,11400,11100,14.30M,0.0226
08/25/2020,11250,11300,11400,11200,9.62M,-0.0044
08/26/2020,11200,11250,11300,11100,9.99M,-0.0044
08/27/2020,11300,11250,11350,11150,6.80M,0.0089
08/28/2020,11350,11400,11450,11300,10.09M,0.0044
08/31/2020,11200,11500,11550,11200,8.67M,-0.0132
09/01/2020,11300,11200,11350,11150,4.57M,0.0089
09/03/2020,11400,11400,11450,11300,11.14M,0.0088
09/04/2020,11300,11250,11350,11200,9.88M,-0.0088
09/07/2020,11200,11400,11400,11200,6.94M,-0.0088
09/08/2020,11250,11250,11250,11100,6.01M,0.0045
09/09/2020,11300,11150,11300,11050,8.88M,0.0044
09/10/2020,11200,11350,11400,11200,5.25M,-0.0088
09/11/2020,11150,11150,11250,11100,5.39M,-0.0045
09/14/2020,11300,11200,11350,11200,6.80M,0.0135
09/15/2020,11600,11350,11800,11250,24.12M,0.0265
09/16/2020,11550,11650,11700,11550,10.18M,-0.0043
09/17/2020,11450,11550,11700,11450,11.36M,-0.0087
09/18/2020,11650,11450,11650,11450,8.72M,0.0175
09/21/2020,11750,11800,12050,11750,17.85M,0.0086
09/22/2020,12550,11750,12550,11650,45.71M,0.0681
09/23/2020,12650,12700,13250,12500,24.79M,0.008
09/24/2020,12450,12600,12700,12400,17.73M,-0.0158
09/25/2020,13300,12450,13300,12400,39.32M,0.0683
09/28/2020,13800,13700,14050,13600,28.88M,0.0376
09/29/2020,13300,13800,13950,13300,22.79M,-0.0362
09/30/2020,13800,13300,13900,12950,28.31M,0.0376
10/01/2020,13750,14000,14200,13650,13.29M,-0.0036
10/02/2020,13450,13750,13900,13150,23.21M,-0.0218
10/05/2020,13700,13650,13800,13400,22.60M,0.0186
10/06/2020,14200,13750,14400,13700,27.11M,0.0365
10/07/2020,13700,14050,14300,13700,19.47M,-0.0352
10/08/2020,13550,13800,13850,13450,21.33M,-0.0109
10/09/2020,13550,13600,13800,13450,12.47M,0
10/12/2020,13300,13700,13800,13300,17.96M,-0.0185
10/13/2020,13450,13300,13600,13200,12.67M,0.0113
10/14/2020,13500,13500,13750,13350,12.36M,0.0037
10/15/2020,13850,13600,14000,13450,20.80M,0.0259
10/16/2020,13750,13850,13950,13700,13.05M,-0.0072
10/19/2020,14100,13800,14300,13750,20.55M,0.0255
10/20/2020,14200,14000,14350,13950,17.70M,0.0071
10/21/2020,14400,14350,14750,14300,25.83M,0.0141
10/22/2020,14600,14350,14700,14200,18.15M,0.0139
10/23/2020,14550,14800,14800,14500,13.63M,-0.0034
10/26/2020,14100,14500,14650,14100,26.82M,-0.0309
10/27/2020,13300,14100,14200,13300,37.14M,-0.0567
10/28/2020,13100,13300,13650,13100,22.63M,-0.015
10/29/2020,13500,13000,13500,13000,13.05M,0.0305
10/30/2020,13300,13500,13550,13050,8.18M,-0.0148
11/02/2020,13450,13400,13450,13250,5.46M,0.0113
11/03/2020,13600,13500,13700,13450,12.02M,0.0112
11/04/2020,13650,13700,13900,13500,9.73M,0.0037
11/05/2020,13350,13650,13700,13350,8.30M,-0.022
11/06/2020,13350,13500,13500,13250,6.21M,0
11/09/2020,13700,13500,13700,13400,7.87M,0.0262
11/10/2020,13600,13950,14000,13600,9.47M,-0.0073
11/11/2020,13600,13700,13700,13450,7.95M,0
11/12/2020,13700,13600,13750,13600,6.76M,0.0074
11/13/2020,13900,13700,13950,13700,15.08M,0.0146
11/16/2020,13650,14050,14100,13650,12.29M,-0.018
11/17/2020,13850,13700,13900,13600,9.08M,0.0147
11/18/2020,14200,13850,14400,13800,22.97M,0.0253
11/19/2020,14200,14200,14400,14050,12.62M,0
11/20/2020,14150,14250,14250,14050,9.54M,-0.0035
11/23/2020,14600,14250,14700,14050,27.27M,0.0318
11/24/2020,14500,14600,14650,14200,16.81M,-0.0068
11/25/2020,14350,14550,14600,14350,12.06M,-0.0103
11/26/2020,14500,14350,14650,14350,21.86M,0.0105
11/27/2020,14500,14600,14600,14350,11.46M,0
11/30/2020,14650,14550,15000,14500,18.68M,0.0103
12/01/2020,15450,14450,15500,14400,37.84M,0.0546
12/02/2020,15400,15450,15800,15150,21.12M,-0.0032
12/03/2020,15650,15550,15900,15450,20.88M,0.0162
12/04/2020,15600,15700,16100,15500,24.51M,-0.0032
12/07/2020,15550,15600,15750,15550,14.99M,-0.0032
12/08/2020,15850,15650,15900,15500,19.85M,0.0193
12/09/2020,15900,15900,16200,15900,18.90M,0.0032
12/10/2020,15550,15950,16050,15450,21.85M,-0.022
12/11/2020,15800,15700,15900,15500,15.44M,0.0161
12/14/2020,15950,15950,16100,15800,15.68M,0.0095
12/15/2020,15950,15850,16050,15800,17.65M,0
12/16/2020,16600,16300,16800,16250,23.93M,0.0408
12/17/2020,16600,16500,16950,16400,23.52M,0
12/18/2020,17000,16800,17150,16650,25.12M,0.0241
12/21/2020,17000,17200,17300,16900,25.78M,0
12/22/2020,17150,17000,17350,16900,34.46M,0.0088
12/23/2020,16700,17200,17300,16700,26.09M,-0.0262
12/24/2020,16500,16800,16850,15800,29.37M,-0.012
12/25/2020,16950,16500,16950,16250,20.82M,0.0273
12/28/2020,16750,17050,17100,16550,23.67M,-0.0118
12/29/2020,16700,16750,16900,16600,13.08M,-0.003
12/30/2020,16800,17000,17250,16800,35.81M,0.006
12/31/2020,16900,17000,17000,16750,14.97M,0.006
01/04/2021,17550,17050,17700,16900,46.81M,0.0385
01/05/2021,17700,17550,17950,17450,23.40M,0.0085
01/06/2021,18000,17900,18350,17700,31.19M,0.0169
01/07/2021,18450,18050,18450,17850,39.68M,0.025
01/08/2021,19400,18800,19500,18650,34.89M,0.0515
01/11/2021,20100,20000,20400,19800,33.49M,0.0361
01/12/2021,19800,19900,20050,19500,27.24M,-0.0149
01/13/2021,19500,19800,20050,19400,26.65M,-0.0152
01/14/2021,20100,19650,20250,19000,27.46M,0.0308
01/15/2021,21100,20500,21500,20500,51.69M,0.0498
01/18/2021,20600,21700,21700,20250,59.66M,-0.0237
01/19/2021,19200,20350,20450,19200,45.05M,-0.068
01/20/2021,19000,19400,19600,17950,34.43M,-0.0104
01/21/2021,20000,19400,20000,18850,34.48M,0.0526
01/22/2021,19950,20000,20200,19700,29.97M,-0.0025
01/25/2021,19350,19700,19900,19350,28.07M,-0.0301
01/26/2021,18100,19300,19300,18050,32.30M,-0.0646
01/27/2021,17250,17800,18650,17000,32.16M,-0.047
01/28/2021,16050,16150,16950,16050,45.05M,-0.0696
01/29/2021,16900,15500,17150,15500,31.23M,0.053
02/01/2021,16100,17000,17450,16100,23.12M,-0.0473
02/02/2021,17150,16400,17200,16000,20.76M,0.0652
02/03/2021,18000,17350,18200,17150,27.11M,0.0496
02/04/2021,17600,17900,18150,17550,18.65M,-0.0222
02/05/2021,18300,17650,18300,17600,18.06M,0.0398
02/08/2021,17400,18300,18450,17100,24.04M,-0.0492
02/09/2021,18150,17500,18200,17100,18.23M,0.0431
02/17/2021,18750,18300,18800,18200,21.03M,0.0331
02/18/2021,18600,18700,18800,18450,22.50M,-0.008
02/19/2021,18700,18400,19000,18250,22.59M,0.0054
02/22/2021,18600,18800,19200,18550,25.99M,-0.0053
02/23/2021,18800,18650,19000,18500,24.90M,0.0108
02/24/2021,18350,18950,19150,18300,24.70M,-0.0239
02/25/2021,18500,18600,18650,18200,18.34M,0.0082
02/26/2021,18350,18250,18550,18200,17.42M,-0.0081
03/01/2021,19100,18600,19150,18500,35.78M,0.0409
03/02/2021,19150,19600,19600,19050,21.14M,0.0026
03/03/2021,19000,19150,19300,19000,16.62M,-0.0078
03/04/2021,18350,19050,19150,18300,23.54M,-0.0342
03/05/2021,18700,18350,18850,18150,24.86M,0.0191
03/08/2021,18600,19000,19150,18500,13.65M,-0.0053
03/09/2021,18550,18500,18700,18300,14.77M,-0.0027
03/10/2021,18700,18650,18900,18400,18.97M,0.0081
03/11/2021,19300,19000,19350,18850,34.59M,0.0321
03/12/2021,19200,19400,19500,19000,19.94M,-0.0052
03/15/2021,18900,19200,19350,18900,22.95M,-0.0156
03/16/2021,18900,18950,19150,18750,23.80M,0
03/17/2021,19600,19000,19750,19000,38.32M,0.037
03/18/2021,19700,19850,19950,19600,19.88M,0.0051
03/19/2021,19600,19600,19900,19550,24.33M,-0.0051
03/22/2021,19200,19700,19700,19150,32.82M,-0.0204
03/23/2021,18800,19200,19200,18750,25.30M,-0.0208
03/24/2021,18400,18550,18850,18300,22.97M,-0.0213
03/25/2021,18750,18600,19050,18450,28.72M,0.019
03/26/2021,18950,18750,19100,18300,23.37M,0.0107
03/29/2021,19200,19050,19250,18900,37.00M,0.0132
03/30/2021,20500,19250,20500,19000,99.98M,0.0677
03/31/2021,21450,21450,21900,21250,56.67M,0.0463
04/01/2021,21600,21400,21650,21100,33.20M,0.007
04/02/2021,22600,21900,22950,21800,56.04M,0.0463
04/05/2021,23150,23000,23300,22600,46.16M,0.0243
04/06/2021,22750,22600,23200,22600,42.37M,-0.0173
04/07/2021,22300,22300,22600,22100,51.63M,-0.0198
04/08/2021,22200,22500,22600,22000,26.67M,-0.0045
04/09/2021,22700,22200,22900,22200,25.32M,0.0225
04/12/2021,23450,23000,23850,22750,49.31M,0.033
04/13/2021,22700,23450,23550,22600,46.63M,-0.032
04/14/2021,22900,22500,22950,22200,35.11M,0.0088
04/15/2021,22350,23000,23000,22200,36.95M,-0.024
04/16/2021,22100,22200,22800,21800,41.49M,-0.0112
04/19/2021,22900,22300,22900,22000,29.03M,0.0362
04/20/2021,22500,23000,23150,22300,29.74M,-0.0175
04/22/2021,21000,22500,22600,21000,35.45M,-0.0667
04/23/2021,22450,21300,22450,20900,45.23M,0.069
04/26/2021,22550,22900,23200,22450,41.63M,0.0045
04/27/2021,23100,22550,23250,22300,47.55M,0.0244
04/28/2021,24200,23100,24350,22900,71.13M,0.0476
04/29/2021,23900,24250,24600,23850,38.89M,-0.0124
05/04/2021,24100,23300,24200,23150,54.31M,0.0084
05/05/2021,24700,24150,25100,24050,51.68M,0.0249
05/06/2021,24400,24550,24900,24300,34.27M,-0.0121
05/07/2021,24000,24250,24550,23800,48.46M,-0.0164
05/10/2021,24300,23800,24500,23700,41.49M,0.0125
05/11/2021,24650,24450,25450,24450,58.01M,0.0144
05/12/2021,26350,24850,26350,24800,59.48M,0.069
05/13/2021,26300,26050,27150,26050,47.11M,-0.0019
05/14/2021,26400,26600,26850,26150,32.74M,0.0038
05/17/2021,25950,26500,26700,25850,39.75M,-0.017
05/18/2021,27300,25900,27400,25650,44.75M,0.052
05/19/2021,28500,27300,28700,27300,46.48M,0.044
05/20/2021,29400,28450,29550,28100,57.27M,0.0316
05/21/2021,28850,29250,29800,28800,45.79M,-0.0187
05/24/2021,28900,28850,29250,28800,31.60M,0.0017
05/25/2021,29350,28950,29750,28900,24.12M,0.0156
05/26/2021,29500,29600,29800,29350,31.49M,0.0051
05/27/2021,29800,29550,30300,29000,46.75M,0.0102
05/28/2021,31850,30400,31850,30000,73.84M,0.0688
05/31/2021,33800,32150,33900,31900,42.13M,0.0612
06/01/2021,32400,33500,33550,32350,47.06M,-0.0414
06/02/2021,32200,31600,32400,31200,51.66M,-0.0062
06/03/2021,32750,33200,33200,32200,30.95M,0.0171
06/04/2021,32150,32200,33000,31800,37.48M,-0.0183
06/07/2021,30700,31800,32000,30000,38.82M,-0.0451
06/08/2021,28600,30200,31300,28600,47.30M,-0.0684
06/09/2021,29600,28500,30350,28000,37.52M,0.035
06/10/2021,28900,29600,30050,28800,23.98M,-0.0236
06/11/2021,30500,29100,30800,28800,36.44M,0.0554
06/14/2021,30800,30700,31300,30400,26.89M,0.0098
06/15/2021,30100,30800,30800,29800,29.66M,-0.0227
06/16/2021,29200,29600,30200,29000,30.69M,-0.0299
06/17/2021,29400,28550,29650,28550,19.58M,0.0068
06/18/2021,29650,29900,30100,29500,16.99M,0.0085
06/21/2021,29850,29500,30300,29350,24.07M,0.0067
06/22/2021,30200,30150,30750,29850,25.19M,0.0117
06/23/2021,29750,30200,30350,29750,24.11M,-0.0149
06/24/2021,29000,29750,29900,28850,21.75M,-0.0252
06/25/2021,29500,29000,29500,28900,15.57M,0.0172
06/28/2021,30200,29800,30400,29450,19.30M,0.0237
06/29/2021,31000,30500,31500,30400,36.07M,0.0265
06/30/2021,30600,30950,31400,30500,16.50M,-0.0129
07/01/2021,31000,30600,31250,30450,29.59M,0.0131
07/02/2021,31500,31100,31950,31100,41.48M,0.0161
07/05/2021,32600,31600,32600,30900,53.69M,0.0349
07/06/2021,30350,32800,33100,30350,38.58M,-0.069
07/07/2021,31050,30650,31150,30000,41.48M,0.0231
07/08/2021,30200,31000,31300,30100,32.24M,-0.0274
07/09/2021,29100,30000,30500,29000,38.41M,-0.0364
07/12/2021,28400,29150,29200,27100,62.62M,-0.0241
07/13/2021,28700,28800,29000,28050,18.44M,0.0106
07/14/2021,27400,28700,28700,27000,25.27M,-0.0453
07/15/2021,28800,27100,28800,27100,25.37M,0.0511
07/16/2021,28450,28900,29100,28400,19.47M,-0.0122
07/19/2021,27500,27500,27950,26700,38.56M,-0.0334
07/20/2021,28100,27800,28100,27200,23.88M,0.0218
07/21/2021,27850,28300,28400,27800,14.14M,-0.0089
07/22/2021,28000,27850,28150,27650,16.62M,0.0054
07/23/2021,28700,28300,29950,27900,63.58M,0.025
07/26/2021,28700,28900,29300,28350,15.10M,0
07/27/2021,29100,29000,29750,28700,29.76M,0.0139
07/28/2021,28900,28900,29450,28700,17.53M,-0.0069
07/29/2021,29300,29100,29400,29000,16.10M,0.0138
07/30/2021,29900,29400,30350,29250,32.25M,0.0205
08/02/2021,29300,29800,30400,29300,26.51M,-0.0201
08/03/2021,29800,29400,29800,29250,26.54M,0.0171
08/04/2021,30650,29800,30800,29650,48.35M,0.0285
08/05/2021,31050,30600,31250,30300,30.72M,0.0131
08/06/2021,30300,31000,31150,30300,30.92M,-0.0242
08/09/2021,30700,30300,30800,30100,20.91M,0.0132
08/10/2021,30600,30850,31000,30300,24.37M,-0.0033
08/11/2021,30400,30500,30850,30350,26.16M,-0.0065
08/12/2021,29600,30300,30500,29600,27.94M,-0.0263
08/13/2021,29700,29600,29800,29150,22.96M,0.0034
08/16/2021,30300,29850,30400,29400,24.10M,0.0202
08/17/2021,30150,30300,30600,30000,20.33M,-0.005
08/18/2021,29950,30000,30150,29550,22.20M,-0.0066
08/19/2021,29950,29800,30050,29600,16.70M,0
08/20/2021,28300,29800,29900,28000,42.11M,-0.0551
08/23/2021,27000,28200,28500,27000,29.89M,-0.0459
08/24/2021,27250,26900,27850,26650,25.86M,0.0093
08/25/2021,27350,27350,27550,27100,8.16M,0.0037
08/26/2021,27100,27500,27550,26850,13.17M,-0.0091
08/27/2021,27300,27000,27300,26550,16.48M,0.0074
08/30/2021,27900,27350,27950,27200,11.73M,0.022
08/31/2021,27350,28000,28000,27300,11.98M,-0.0197
09/01/2021,27200,27200,27500,27200,10.29M,-0.0055
09/06/2021,27550,27200,27850,27100,16.26M,0.0129
09/07/2021,27900,27750,28350,27550,13.78M,0.0127
09/08/2021,27300,27900,28100,27300,9.67M,-0.0215
09/09/2021,27350,27150,27500,27100,9.34M,0.0018
09/10/2021,27200,27500,27600,27150,10.70M,-0.0055
09/13/2021,26900,27250,27300,26800,10.65M,-0.011
09/14/2021,26650,26900,27200,26650,12.64M,-0.0093
09/15/2021,26600,26650,26900,26550,10.16M,-0.0019
09/16/2021,26750,26900,26950,26600,5.19M,0.0056
09/17/2021,26800,26900,27100,26700,16.37M,0.0019
09/20/2021,27100,27000,27500,26900,17.46M,0.0112
09/21/2021,26800,26850,27050,26500,14.21M,-0.0111
09/22/2021,26700,26800,26850,26550,8.39M,-0.0037
09/23/2021,26600,26750,27000,26600,12.78M,-0.0037
09/24/2021,26750,26700,27200,26600,13.85M,0.0056
09/27/2021,26500,27000,27100,26500,10.52M,-0.0093
09/28/2021,26550,26350,26600,26200,9.95M,0.0019
09/29/2021,25800,26500,26550,25700,19.93M,-0.0282
09/30/2021,25700,25850,26150,25700,10.10M,-0.0039
10/01/2021,24700,25650,25650,24500,24.15M,-0.0389
10/04/2021,24300,24500,24800,24050,15.74M,-0.0162
10/05/2021,25750,24400,25750,24400,13.48M,0.0597
10/06/2021,25500,25800,25800,25450,11.70M,-0.0097
10/07/2021,25500,25500,25750,24900,10.02M,0
10/08/2021,25700,25600,26000,25300,9.33M,0.0078
10/11/2021,26500,25900,26600,25900,16.46M,0.0311
10/12/2021,26600,26750,26800,26350,11.68M,0.0038
10/13/2021,26250,26700,26750,26200,9.60M,-0.0132
10/14/2021,26400,26200,26700,26200,8.76M,0.0057
10/15/2021,26850,26500,27200,26400,18.82M,0.017
10/18/2021,26900,27000,27200,26850,14.77M,0.0019
10/19/2021,26200,26900,26950,26200,8.32M,-0.026
10/20/2021,26300,26400,26750,25650,14.90M,0.0038
10/21/2021,26100,26500,26600,26000,8.67M,-0.0076
10/22/2021,26200,26400,26400,26000,6.24M,0.0038
10/25/2021,25600,26000,26250,25600,15.09M,-0.0229
10/26/2021,25600,25600,25750,25200,10.16M,0
10/27/2021,26500,25750,26650,25650,18.10M,0.0352
10/28/2021,26700,26600,26700,26000,11.06M,0.0075
10/29/2021,26600,26600,26700,26200,10.00M,-0.0037
11/01/2021,26600,26600,27050,26200,14.69M,0
11/02/2021,26650,26700,26800,26500,9.86M,0.0019
11/03/2021,27900,26800,28450,26500,41.00M,0.0469
11/04/2021,27450,27900,28150,27450,13.51M,-0.0161
11/05/2021,27650,27500,27750,27350,9.44M,0.0073
11/08/2021,27850,27650,28000,27300,22.64M,0.0072
11/09/2021,28100,28050,28800,27300,26.35M,0.009
11/10/2021,28450,28200,28750,28150,16.09M,0.0125
11/11/2021,27700,28550,28600,27700,22.52M,-0.0264
11/12/2021,28100,27450,28450,27300,17.02M,0.0144
11/15/2021,27950,28400,28400,27650,12.70M,-0.0053
11/16/2021,28050,28000,28800,27700,22.04M,0.0036
11/17/2021,28000,28100,28300,27600,10.32M,-0.0018
11/18/2021,27650,28150,28150,27550,12.18M,-0.0125
11/19/2021,27900,27700,28450,27000,22.04M,0.009
11/22/2021,28800,28000,29500,27900,35.71M,0.0323
11/23/2021,28500,28950,28950,28300,10.73M,-0.0104
11/24/2021,30450,28500,30450,28350,67.32M,0.0684
11/25/2021,30650,31000,31250,30350,28.51M,0.0066
11/26/2021,30850,30700,31450,30500,29.14M,0.0065
11/29/2021,29900,30100,30600,29800,38.63M,-0.0308
11/30/2021,28900,30250,30300,28650,35.42M,-0.0334
12/01/2021,29900,28800,29900,28750,19.24M,0.0346
12/02/2021,29300,29900,30050,29300,13.46M,-0.0201
12/03/2021,28000,29400,29550,28000,23.48M,-0.0444
12/06/2021,27000,28000,28400,26400,26.47M,-0.0357
12/07/2021,28050,27300,28100,26900,12.83M,0.0389
12/08/2021,28600,28050,28800,27800,15.75M,0.0196
12/09/2021,28850,28500,28900,28400,11.92M,0.0087
12/10/2021,28600,28850,29050,28400,9.89M,-0.0087
12/13/2021,28650,28600,29000,28350,10.71M,0.0017
12/14/2021,28100,28550,28800,28100,11.43M,-0.0192
12/15/2021,28350,28100,28900,27700,15.19M,0.0089
12/16/2021,28600,28700,28700,28000,11.08M,0.0088
12/17/2021,28300,28650,28700,28000,9.27M,-0.0105
12/20/2021,28650,28250,28700,28150,13.06M,0.0124
12/21/2021,28200,28650,28800,28200,9.48M,-0.0157
12/22/2021,27650,28450,28600,27200,12.05M,-0.0195
12/23/2021,27400,27600,27800,26900,14.27M,-0.009
12/24/2021,28200,27400,28250,27400,10.41M,0.0292
12/27/2021,28100,28450,28450,27850,7.41M,-0.0035
12/28/2021,30050,28250,30050,28050,45.05M,0.0694
12/29/2021,29500,30500,30800,29500,16.20M,-0.0183
12/30/2021,30500,29600,31050,29600,26.16M,0.0339
12/31/2021,31500,30700,32300,30500,35.41M,0.0328
01/04/2022,32100,32000,32850,31700,32.86M,0.019
01/05/2022,32550,31900,32800,31700,36.94M,0.014
01/06/2022,32700,32500,33900,32400,38.54M,0.0046
01/07/2022,31950,32700,32950,31950,28.17M,-0.0229
01/10/2022,31600,31950,32950,31150,28.38M,-0.011
01/11/2022,32450,31800,33300,31700,29.60M,0.0269
01/12/2022,34700,32500,34700,31650,62.42M,0.0693
01/13/2022,34300,35400,36200,34300,43.95M,-0.0115
01/14/2022,35000,33800,35450,33750,26.70M,0.0204
01/17/2022,32600,35500,35600,32600,44.37M,-0.0686
01/18/2022,33900,32600,34500,32550,39.68M,0.0399
01/19/2022,32900,34300,34400,32700,20.80M,-0.0295
01/20/2022,33800,32600,33900,31800,30.98M,0.0274
01/21/2022,34600,33600,35250,33350,39.14M,0.0237
01/24/2022,33300,34400,34950,33000,30.19M,-0.0376
01/25/2022,34700,33100,34800,33000,24.09M,0.042
01/26/2022,35550,35000,36500,34800,48.91M,0.0245
01/27/2022,35400,35300,35950,34750,23.70M,-0.0042
01/28/2022,35550,35200,36200,35200,22.21M,0.0042
02/07/2022,35600,36000,36300,35450,18.65M,0.0014
02/08/2022,35850,35350,36200,35350,18.82M,0.007
02/09/2022,35050,36000,36700,35000,32.93M,-0.0223
02/10/2022,34750,35000,35250,34200,33.96M,-0.0086
02/11/2022,35300,34750,35350,34450,18.45M,0.0158
02/14/2022,32850,34850,35000,32850,37.42M,-0.0694
02/15/2022,33500,33100,33900,32700,31.17M,0.0198
02/16/2022,33600,33750,34100,33100,20.06M,0.003
02/17/2022,33900,33600,34250,33450,15.74M,0.0089
02/18/2022,33350,33600,33800,33200,18.49M,-0.0162
02/21/2022,33200,33350,33550,32800,21.15M,-0.0045
02/22/2022,33700,32900,33700,32800,24.42M,0.0151
02/23/2022,33600,33900,33950,33600,13.87M,-0.003
02/24/2022,32900,33400,33700,32000,30.48M,-0.0208
02/25/2022,33000,33100,33550,32900,17.79M,0.003
02/28/2022,32850,33000,33350,32800,16.46M,-0.0045
03/01/2022,32650,33000,33000,32650,16.92M,-0.0061
03/02/2022,31250,32500,32550,31100,45.28M,-0.0429
03/03/2022,31850,31550,31900,31100,19.79M,0.0192
03/04/2022,32000,31850,32550,31500,13.26M,0.0047
03/07/2022,31500,31200,32000,31200,16.73M,-0.0156
03/08/2022,30850,31050,31650,30650,16.48M,-0.0206
03/09/2022,31100,31000,31300,30500,14.91M,0.0081
03/10/2022,31550,31750,32000,31550,12.22M,0.0145
03/11/2022,32050,31400,32450,31300,15.99M,0.0158
03/14/2022,32500,32050,32600,31850,20.98M,0.014
03/15/2022,32700,32500,33150,32350,17.47M,0.0062
03/16/2022,32900,32800,32950,32550,11.15M,0.0061
03/17/2022,32800,33000,33150,32650,10.88M,-0.003
03/18/2022,33100,32800,33250,32550,26.73M,0.0091
03/21/2022,33100,33100,33450,32800,12.85M,0
03/22/2022,34050,33350,34200,33350,24.58M,0.0287
03/23/2022,34000,34000,34300,33650,15.50M,-0.0015
03/24/2022,33650,34000,34050,33600,9.92M,-0.0103
03/25/2022,33650,33600,34000,33600,11.34M,0
03/28/2022,31850,33500,33550,31800,36.75M,-0.0535
03/29/2022,32300,32100,32350,31750,12.69M,0.0141
03/30/2022,32250,31950,32650,31500,15.93M,-0.0015
03/31/2022,31700,32100,32450,31700,9.02M,-0.0171
04/01/2022,32200,31650,32250,31550,9.16M,0.0158
04/04/2022,32200,32500,32700,32150,10.19M,0
04/05/2022,31800,32050,32300,31800,8.73M,-0.0124
04/06/2022,32350,31800,32600,31550,12.15M,0.0173
04/07/2022,31900,32400,32900,31750,11.48M,-0.0139
04/08/2022,31000,31900,31950,30900,18.75M,-0.0282
04/12/2022,30800,31150,31450,30500,9.62M,-0.0065
04/13/2022,31350,31000,31500,30700,6.92M,0.0179
04/14/2022,30800,31350,31500,30750,6.47M,-0.0175
04/15/2022,30100,30700,31000,30100,10.46M,-0.0227
04/18/2022,29000,30100,30200,29000,14.86M,-0.0365
04/19/2022,27500,29100,29400,27500,15.85M,-0.0517
04/20/2022,27550,27800,28200,27450,12.02M,0.0018
04/21/2022,27650,27400,28350,27100,9.90M,0.0036
04/22/2022,28800,28100,29000,27800,11.53M,0.0416
04/25/2022,26800,28800,29000,26800,14.39M,-0.0694
04/26/2022,27400,26600,27500,25650,11.11M,0.0224
04/27/2022,28200,27000,28200,26450,8.59M,0.0292
04/28/2022,27700,27850,28200,27400,6.52M,-0.0177
04/29/2022,27700,27550,28150,27400,11.17M,0
05/04/2022,26750,27700,27700,26700,8.98M,-0.0343
05/05/2022,26900,27000,27050,25900,13.51M,0.0056
05/06/2022,25500,26000,26600,25400,15.25M,-0.052
05/09/2022,23750,25100,25100,23750,23.97M,-0.0686
05/10/2022,23900,22550,23900,22550,18.39M,0.0063
05/11/2022,23550,23900,24000,22800,13.07M,-0.0146
05/12/2022,21950,23450,23450,21950,24.21M,-0.0679
05/13/2022,20450,21500,21950,20450,22.54M,-0.0683
05/16/2022,19050,21100,21300,19050,35.19M,-0.0685
05/17/2022,20350,18700,20350,18600,30.82M,0.0682
05/18/2022,21750,20950,21750,20700,27.10M,0.0688
05/19/2022,21750,21300,22400,21250,22.22M,0
05/20/2022,21600,21750,22050,21500,14.33M,-0.0069
05/23/2022,20350,21750,21750,20150,30.82M,-0.0579
05/24/2022,21750,20350,21750,20100,17.95M,0.0688
05/25/2022,22750,22000,22850,22000,20.35M,0.046
05/26/2022,22400,22600,22750,22300,15.27M,-0.0154
05/27/2022,22250,22500,22700,22100,15.04M,-0.0067
05/30/2022,22800,22450,23000,22250,16.39M,0.0247
05/31/2022,22350,22600,22800,22350,12.81M,-0.0197
06/01/2022,22250,22300,22600,22000,14.73M,-0.0045
06/02/2022,21550,22350,22400,21450,15.93M,-0.0315
06/03/2022,21150,21500,21700,20950,12.08M,-0.0186
06/06/2022,20500,21150,21400,20500,17.16M,-0.0307
06/07/2022,20200,20500,20550,19800,16.80M,-0.0146
06/08/2022,21600,20400,21600,20300,11.49M,0.0693
06/09/2022,22300,22250,22350,21700,16.07M,0.0324
06/10/2022,21900,21800,22700,21750,17.45M,-0.0179
06/13/2022,20600,21050,21600,20500,16.68M,-0.0594
06/14/2022,20900,20350,21250,20350,12.47M,0.0146
06/15/2022,20700,21000,21050,19950,13.26M,-0.0096
06/16/2022,21000,21100,21250,20800,11.25M,0.0145
06/17/2022,20250,20500,20500,19800,12.49M,-0.0357
06/20/2022,18850,20300,20550,18850,16.89M,-0.0691
06/21/2022,19200,18850,19600,18700,10.84M,0.0186
06/22/2022,20500,19700,20500,19600,9.69M,0.0677
06/23/2022,21300,20150,21700,20150,15.47M,0.039
06/24/2022,21200,21300,21800,21050,11.60M,-0.0047
06/27/2022,21500,21400,21750,21150,9.79M,0.0142
06/28/2022,22550,21500,22800,21350,24.89M,0.0488
06/29/2022,22600,22100,23300,22100,13.81M,0.0022
06/30/2022,21500,22550,22750,21500,18.79M,-0.0487
07/01/2022,22000,21400,22050,20700,16.87M,0.0233
07/04/2022,22350,22300,22950,22100,22.13M,0.0159
07/05/2022,23050,22400,23600,22350,30.05M,0.0313
07/06/2022,22500,22600,23400,22450,17.73M,-0.0239
07/07/2022,22600,22500,23150,22100,15.94M,0.0044
07/08/2022,22500,23000,23050,22350,15.74M,-0.0044
07/11/2022,22050,22250,22450,21650,21.17M,-0.02
07/12/2022,22600,22150,22800,21950,12.47M,0.0249
07/13/2022,23050,22600,23400,22600,17.15M,0.0199
07/14/2022,23300,22900,23350,22800,12.88M,0.0108
07/15/2022,23000,23400,23750,22950,16.98M,-0.0129
07/18/2022,22550,23050,23400,22550,14.31M,-0.0196
07/19/2022,22950,22550,23150,22450,11.69M,0.0177
07/20/2022,23050,23250,23500,22950,11.20M,0.0044
07/21/2022,23100,23050,23600,23000,17.95M,0.0022
07/22/2022,23000,23300,23500,23000,11.58M,-0.0043
07/25/2022,22850,23000,23300,22800,6.67M,-0.0065
07/26/2022,22950,22950,22950,22700,9.28M,0.0044
07/27/2022,23050,22850,23050,22750,9.17M,0.0044
07/28/2022,24450,23350,24650,23250,40.24M,0.0607
07/29/2022,24700,24650,24900,24300,17.76M,0.0102
08/01/2022,25200,24500,25600,24500,16.70M,0.0202
08/02/2022,24950,25000,25500,24850,18.61M,-0.0099
08/03/2022,25450,24850,25650,24750,14.34M,0.02
08/04/2022,25200,25650,25700,25100,13.13M,-0.0098
08/05/2022,25250,25100,25250,24850,12.67M,0.002
08/08/2022,25300,25250,25650,25100,7.66M,0.002
08/09/2022,25250,25300,25500,25000,7.86M,-0.002
08/10/2022,24900,25200,25300,24900,8.97M,-0.0139
08/11/2022,25200,25200,25600,24800,15.66M,0.012
08/12/2022,25650,25050,25650,25050,8.39M,0.0179
08/15/2022,25650,25900,26350,25650,13.67M,0
08/16/2022,25550,25800,25800,25350,9.49M,-0.0039
08/17/2022,25400,25550,25600,25300,11.13M,-0.0059
08/18/2022,25200,25200,25650,25000,12.92M,-0.0079
08/19/2022,25100,25250,25500,25050,7.72M,-0.004
08/22/2022,24700,25000,25200,24700,9.67M,-0.0159
08/23/2022,25000,24600,25000,24300,9.88M,0.0121
08/24/2022,25400,25100,25550,24800,13.33M,0.016
08/25/2022,25650,25550,25650,25400,8.89M,0.0098
08/26/2022,25100,25700,25800,25100,10.74M,-0.0214
08/29/2022,24850,24700,24850,24050,15.06M,-0.01
08/30/2022,24650,24900,25100,24650,8.08M,-0.008
08/31/2022,24800,24550,24900,24400,7.67M,0.0061
09/05/2022,24700,24700,24850,24600,5.29M,-0.004
09/06/2022,24700,24700,25050,24650,6.31M,0
09/07/2022,24350,24700,25450,24350,22.42M,-0.0142
09/08/2022,23900,24700,24700,23900,10.36M,-0.0185
09/09/2022,23750,24000,24050,22650,21.14M,-0.0063
09/12/2022,23100,23750,23900,23100,5.73M,-0.0274
09/13/2022,23050,23000,23450,23000,6.53M,-0.0022
09/14/2022,23050,22650,23050,22500,10.17M,0
09/15/2022,23050,23250,23350,22800,8.40M,0
09/16/2022,22450,22950,23000,22450,16.35M,-0.026
09/19/2022,21600,22600,22650,21600,10.74M,-0.0379
09/20/2022,22150,21900,22300,21650,6.37M,0.0255
09/21/2022,21750,22050,22100,21750,3.71M,-0.0181
09/22/2022,21950,21450,21950,21450,5.22M,0.0092
09/23/2022,21450,21800,22000,21450,6.96M,-0.0228
09/26/2022,20500,20950,21000,20250,16.61M,-0.0443
09/27/2022,20500,20800,20800,20400,5.44M,0
09/28/2022,20300,20200,20600,20150,6.50M,-0.0098
09/29/2022,19700,20600,20700,19700,7.93M,-0.0296
09/30/2022,20600,19600,20800,19500,16.49M,0.0457
10/03/2022,19200,20300,20400,19200,14.94M,-0.068
10/04/2022,18750,19750,19750,18600,15.97M,-0.0234
10/05/2022,19250,19350,19500,19000,10.61M,0.0267
10/06/2022,18000,19350,19350,17950,18.66M,-0.0649
10/07/2022,16750,17600,17600,16750,40.98M,-0.0694
10/10/2022,17000,16200,17250,15750,34.12M,0.0149
10/11/2022,15850,16950,17000,15850,24.98M,-0.0676
10/12/2022,16950,15950,16950,15900,15.16M,0.0694
10/13/2022,17650,17050,17700,16950,16.49M,0.0413
10/14/2022,17650,18100,18100,17450,25.07M,0
10/17/2022,18150,17450,18150,17300,12.85M,0.0283
10/18/2022,17700,18500,18650,17500,14.15M,-0.0248
10/19/2022,17300,17750,17850,16900,17.99M,-0.0226
10/20/2022,17150,17250,17750,16900,13.25M,-0.0087
10/21/2022,15950,17100,17250,15950,22.53M,-0.07
10/24/2022,14850,16050,16350,14850,27.15M,-0.069
10/25/2022,14900,14900,15850,14050,22.83M,0.0034
10/26/2022,15000,15150,15400,14800,7.62M,0.0067
10/27/2022,16050,15000,16050,15000,21.99M,0.07
10/28/2022,16150,16450,16850,16100,18.82M,0.0062
10/31/2022,16150,16200,16500,15600,16.78M,0
11/01/2022,16900,16500,17250,16350,29.46M,0.0464
11/02/2022,16900,16900,17300,16750,19.12M,0
11/03/2022,17250,16800,17450,16800,19.53M,0.0207
11/04/2022,16600,17050,17250,16050,32.10M,-0.0377
11/07/2022,15500,16350,16700,15500,20.70M,-0.0663
11/08/2022,16450,15500,16550,15300,22.03M,0.0613
11/09/2022,16250,16800,17050,15800,35.90M,-0.0122
11/10/2022,15150,16000,16250,15150,37.39M,-0.0677
11/11/2022,15600,15600,16200,15450,39.52M,0.0297
11/14/2022,15850,15450,16100,14850,36.93M,0.016
11/15/2022,15100,15750,16000,14850,27.65M,-0.0473
11/16/2022,16150,14800,16150,14450,29.34M,0.0695
11/17/2022,17200,16900,17250,16600,35.15M,0.065
11/18/2022,17100,16950,17650,16450,32.56M,-0.0058
11/21/2022,16700,17300,17400,16700,17.50M,-0.0234
11/22/2022,16900,16600,17850,16600,30.78M,0.012
11/23/2022,17500,16900,17900,16900,25.67M,0.0355
11/24/2022,18200,17300,18200,16900,18.31M,0.04
11/25/2022,18900,18500,18950,18000,24.96M,0.0385
11/28/2022,19700,19100,19750,19050,28.23M,0.0423
11/29/2022,19750,19500,19950,18900,26.28M,0.0025
11/30/2022,20000,19550,20200,19150,25.46M,0.0127
12/01/2022,19500,20200,21100,19500,39.13M,-0.025
12/02/2022,20850,19800,20850,19500,27.69M,0.0692
12/05/2022,22300,22300,22300,21850,38.51M,0.0695
12/06/2022,20750,22250,22650,20750,49.35M,-0.0695
12/07/2022,20300,20550,20900,19700,27.77M,-0.0217
12/08/2022,21700,20750,21700,20750,20.04M,0.069
12/09/2022,22400,22500,22600,21900,26.47M,0.0323
12/12/2022,21300,22500,22600,21300,20.77M,-0.0491
12/13/2022,22550,21350,22600,21050,25.99M,0.0587
12/14/2022,23250,23000,23500,22700,21.02M,0.031
12/15/2022,23250,23100,23650,22650,20.33M,0
12/16/2022,22800,22850,23200,22550,25.28M,-0.0194
12/19/2022,22400,23000,23400,22400,23.18M,-0.0175
12/20/2022,22450,22000,22450,21250,28.92M,0.0022
12/21/2022,23550,22750,23800,22300,35.45M,0.049
12/22/2022,23400,23750,24150,23100,17.47M,-0.0064
12/23/2022,23500,23450,23700,22900,13.23M,0.0043
12/26/2022,21900,23450,23550,21900,20.49M,-0.0681
12/27/2022,22500,22000,23000,21850,20.84M,0.0274
12/28/2022,22900,22600,23000,22050,15.20M,0.0178
12/29/2022,22350,22700,22950,22350,9.45M,-0.024
12/30/2022,22500,22600,22700,22200,10.62M,0.0067
01/03/2023,23500,22500,23600,22500,16.25M,0.0444
01/04/2023,23300,23600,24100,23300,18.04M,-0.0085
01/05/2023,24200,23400,24250,23400,19.22M,0.0386
01/06/2023,24300,24250,25100,24100,25.67M,0.0041
01/09/2023,24650,24600,25000,24200,13.24M,0.0144
01/10/2023,24950,24650,25300,24150,14.76M,0.0122
01/11/2023,24700,25250,25400,24700,10.08M,-0.01
01/12/2023,24950,24900,24950,24550,7.15M,0.0101
01/13/2023,25300,25150,25450,24950,13.35M,0.014
01/16/2023,25500,25400,25550,25000,7.93M,0.0079
01/17/2023,26550,25500,26550,25500,14.39M,0.0412
01/18/2023,26800,26550,26850,26550,8.51M,0.0094
01/19/2023,26800,26550,27000,26500,12.06M,0
01/27/2023,26650,27100,27400,26650,8.53M,-0.0056
01/30/2023,25850,26500,26650,25850,18.54M,-0.03
01/31/2023,27100,25850,27100,25150,25.36M,0.0484
02/01/2023,25650,27100,27300,25400,16.20M,-0.0535
02/02/2023,26150,25700,26350,25400,18.43M,0.0195
02/03/2023,26050,26350,27150,26050,30.63M,-0.0038
02/06/2023,25700,26100,26400,25600,19.36M,-0.0134
02/07/2023,25750,25900,26300,25550,19.76M,0.0019
02/08/2023,25000,25900,25950,25000,28.19M,-0.0291
02/09/2023,24450,25200,25700,24200,37.34M,-0.022
02/10/2023,23650,24500,24800,23650,16.17M,-0.0327
02/13/2023,24500,23800,24500,23350,17.39M,0.0359
02/14/2023,24400,24500,24850,24050,9.25M,-0.0041
02/15/2023,23350,24100,24600,22950,33.36M,-0.043
02/16/2023,23900,23750,24250,23450,15.37M,0.0236
02/17/2023,24400,24600,24900,24350,17.98M,0.0209
02/20/2023,25700,24300,25700,24200,20.15M,0.0533
02/21/2023,25350,25950,26100,25350,16.56M,-0.0136
02/22/2023,24700,25100,25500,24700,18.52M,-0.0256
02/23/2023,25000,24600,25000,24050,14.25M,0.0121
02/24/2023,24300,25050,25050,24300,8.46M,-0.028
02/27/2023,23600,24000,24200,23600,13.40M,-0.0288
02/28/2023,23750,23950,24000,23600,6.46M,0.0064
03/01/2023,25400,23600,25400,23600,21.61M,0.0695
03/02/2023,25600,25400,25700,25200,11.12M,0.0079
03/03/2023,25000,25650,25750,25000,11.81M,-0.0234
03/06/2023,24900,25250,25600,24700,18.56M,-0.004
03/07/2023,25000,25050,25300,24850,15.48M,0.004
03/08/2023,25350,24850,25350,24850,13.74M,0.014
03/09/2023,26500,25500,27100,25450,42.58M,0.0454
03/10/2023,26000,26500,26850,25950,23.48M,-0.0189
03/13/2023,25000,25600,25750,25000,29.61M,-0.0385
03/14/2023,24400,24900,25050,24100,25.33M,-0.024
03/15/2023,25350,25100,25500,24900,20.10M,0.0389
03/16/2023,24600,24800,24950,24500,19.67M,-0.0296
03/17/2023,25050,24750,25050,24550,21.26M,0.0183
03/20/2023,24200,25000,25050,24200,16.97M,-0.0339
03/21/2023,24600,24500,24650,24150,10.86M,0.0165
03/22/2023,24800,24750,25250,24600,16.55M,0.0081
03/23/2023,25000,24550,25150,24500,12.24M,0.0081
03/24/2023,25050,25250,25550,25050,16.11M,0.002
03/27/2023,25500,25050,25700,24950,16.70M,0.018
03/28/2023,25400,25900,26000,25300,17.18M,-0.0039
03/29/2023,25350,25500,25650,25150,16.81M,-0.002
03/30/2023,26000,25700,26450,25400,39.40M,0.0256
03/31/2023,26200,26000,26350,25850,22.41M,0.0077
04/03/2023,26750,26600,27050,26500,25.29M,0.021
04/04/2023,26900,26750,26950,26500,17.73M,0.0056
04/05/2023,26250,26900,26900,25900,39.45M,-0.0242
04/06/2023,25650,26250,26400,25650,26.27M,-0.0229
04/07/2023,26000,25750,26000,25500,15.46M,0.0136
04/10/2023,25950,26100,26500,25850,16.47M,-0.0019
04/11/2023,25950,25900,25950,25600,13.35M,0
04/12/2023,26100,25950,26400,25800,20.36M,0.0058
04/13/2023,26450,26200,26550,26050,16.21M,0.0134
04/14/2023,25700,26700,26750,25700,16.40M,-0.0284
04/17/2023,25900,25800,26050,25650,10.20M,0.0078
04/18/2023,25900,25900,26100,25800,10.11M,0
04/19/2023,25500,26000,26000,25500,14.17M,-0.0154
04/20/2023,25700,25600,25800,25500,9.01M,0.0078
04/21/2023,25600,25700,25800,25500,8.71M,-0.0039
04/24/2023,25550,25650,25900,25450,7.66M,-0.002
04/25/2023,25050,25750,25900,24900,15.45M,-0.0196
04/26/2023,25400,25050,25400,24650,12.44M,0.014
04/27/2023,25150,25400,25500,25150,6.55M,-0.0098
04/28/2023,25300,25250,25450,25150,6.78M,0.006
05/04/2023,25150,25050,25300,24950,8.45M,-0.0059
05/05/2023,24950,25050,25250,24850,7.68M,-0.008
05/08/2023,25650,25000,25700,25000,10.20M,0.0281
05/09/2023,25750,25650,25900,25600,7.32M,0.0039
05/10/2023,26350,25800,26450,25750,14.51M,0.0233
05/11/2023,26400,26400,26750,26300,14.94M,0.0019
05/12/2023,26800,26550,26850,26350,16.49M,0.0152
05/15/2023,27000,27000,27600,26900,29.85M,0.0075
05/16/2023,27400,27000,27550,27000,13.15M,0.0148
05/17/2023,27000,27400,27500,26900,17.69M,-0.0146
05/18/2023,27200,27150,27500,27000,15.19M,0.0074
05/19/2023,27850,27350,27950,27200,24.34M,0.0239
